id,theme_name,super_theme
T1,dialysis patients,health
T2,neighbors,safety and home
T3,neighborhood,safety and home
T4,community building,place and environment
T5,children and families,life stage|human development
T6,youth,human development
T7,learning and education,human development
T8,resilience,human development
T9,food and nutrition,food and nutrition
T10,housing,safety and home
T11,economy,production and economy
T12,employment,production and economy
T13,environment,place and environment
T14,health,health
T15,disability,health
T16,medical access,health
T17,outdoors,place and environment
T18,fitness parks and recreation,health
T19,sport,human development
T20,art,human development
T21,music,human development
T23,veterans,special populations
T24,animals,safety and home
T25,sustainability,place and environment
T26,ecology,place and environment
T27,conservation,place and environment
T30,transportation and circulation,place and environment
T31,managed care,health
T32,child care,life stage|safety and home
T33,addiction and recovery,health
T34,community health worker network,health
T35,elders,life stage|human development
T36,health insurance,health
T37,prevention,health
T38,mental health,health
T39,basic needs,
T40,cultural inclusion,place and environment
T41,energy,place and environment
T42,homeless,safety and home
T43,infants and toddlers,human development
T44,job skills,production and economy
T45,money management,human development
T46,preschool,life stage|human development
T47,life stage|pregnant women,human development
T48,home,safety and home
T49,policing,
T50,jail-prison,
T51,exconvicts,
T52,parole,